[{"pk": 1, "model": "cms.treenode", "fields": {"path": "0001", "depth": 1, "numchild": 0, "parent": null, "site": 1}}, {"pk": 1, "model": "cms.page", "fields": {"navigation_extenders": null, "is_home": true, "application_namespace": null, "in_navigation": false, "reverse_id": null, "login_required": false, "created_by": "script", "languages": "zh-hant", "publication_end_date": null, "template": "index.html", "placeholders": [1, 2, 3, 4, 5, 6, 7, 8, 9, 10, 11, 12, 13, 14, 15, 16, 17, 18, 19, 20, 21, 22, 23, 24, 25, 26, 27, 28, 29, 30, 31, 32, 33, 34, 35, 36, 37, 38, 39, 40, 41, 42, 43, 44, 45, 46, 47, 48, 49, 50, 51, 52, 53, 54, 55, 56, 57, 58, 59, 60, 61], "node": 1, "changed_date": "2019-05-26T14:57:39.445Z", "limit_visibility_in_menu": null, "soft_root": false, "publication_date": "2019-05-26T14:57:39.279Z", "creation_date": "2019-05-26T14:57:39.160Z", "is_page_type": false, "publisher_public": 2, "application_urls": null, "changed_by": "script", "publisher_is_draft": true, "xframe_options": 0}}, {"pk": 2, "model": "cms.page", "fields": {"navigation_extenders": null, "is_home": false, "application_namespace": null, "in_navigation": false, "reverse_id": null, "login_required": false, "created_by": "script", "languages": "zh-hant", "publication_end_date": null, "template": "index.html", "placeholders": [62, 63, 64, 65, 66, 67, 68, 69, 70, 71, 72, 73, 74, 75, 76, 77, 78, 79, 80, 81, 82, 83, 84, 85, 86, 87, 88, 89, 90, 91, 92, 93, 94, 95, 96, 97, 98, 99, 100, 101, 102, 103, 104, 105, 106, 107, 108, 109, 110, 111, 112, 113, 114, 115, 116, 117, 118, 119, 120, 121, 122], "node": 1, "changed_date": "2019-05-26T14:57:39.280Z", "limit_visibility_in_menu": null, "soft_root": false, "publication_date": "2019-05-26T14:57:39.279Z", "creation_date": "2019-05-26T14:57:39.280Z", "is_page_type": false, "publisher_public": 1, "application_urls": null, "changed_by": "script", "publisher_is_draft": false, "xframe_options": 0}}, {"pk": 1, "model": "cms.placeholder", "fields": {"slot": "index-h1-1", "default_width": null}}, {"pk": 2, "model": "cms.placeholder", "fields": {"slot": "index-span-1", "default_width": null}}, {"pk": 3, "model": "cms.placeholder", "fields": {"slot": "index-ul-1", "default_width": null}}, {"pk": 4, "model": "cms.placeholder", "fields": {"slot": "index-h2-1", "default_width": null}}, {"pk": 5, "model": "cms.placeholder", "fields": {"slot": "index-p-1", "default_width": null}}, {"pk": 6, "model": "cms.placeholder", "fields": {"slot": "index-a-8", "default_width": null}}, {"pk": 7, "model": "cms.placeholder", "fields": {"slot": "index-h3-1", "default_width": null}}, {"pk": 8, "model": "cms.placeholder", "fields": {"slot": "index-span-2", "default_width": null}}, {"pk": 9, "model": "cms.placeholder", "fields": {"slot": "index-h4-1", "default_width": null}}, {"pk": 10, "model": "cms.placeholder", "fields": {"slot": "index-p-2", "default_width": null}}, {"pk": 11, "model": "cms.placeholder", "fields": {"slot": "index-span-3", "default_width": null}}, {"pk": 12, "model": "cms.placeholder", "fields": {"slot": "index-h4-2", "default_width": null}}, {"pk": 13, "model": "cms.placeholder", "fields": {"slot": "index-p-3", "default_width": null}}, {"pk": 14, "model": "cms.placeholder", "fields": {"slot": "index-span-4", "default_width": null}}, {"pk": 15, "model": "cms.placeholder", "fields": {"slot": "index-h4-3", "default_width": null}}, {"pk": 16, "model": "cms.placeholder", "fields": {"slot": "index-p-4", "default_width": null}}, {"pk": 17, "model": "cms.placeholder", "fields": {"slot": "index-span-5", "default_width": null}}, {"pk": 18, "model": "cms.placeholder", "fields": {"slot": "index-h4-4", "default_width": null}}, {"pk": 19, "model": "cms.placeholder", "fields": {"slot": "index-p-5", "default_width": null}}, {"pk": 20, "model": "cms.placeholder", "fields": {"slot": "index-h3-2", "default_width": null}}, {"pk": 21, "model": "cms.placeholder", "fields": {"slot": "index-h4-5", "default_width": null}}, {"pk": 22, "model": "cms.placeholder", "fields": {"slot": "index-p-6", "default_width": null}}, {"pk": 23, "model": "cms.placeholder", "fields": {"slot": "index-h3-3", "default_width": null}}, {"pk": 24, "model": "cms.placeholder", "fields": {"slot": "index-a-13", "default_width": null}}, {"pk": 25, "model": "cms.placeholder", "fields": {"slot": "index-a-14", "default_width": null}}, {"pk": 26, "model": "cms.placeholder", "fields": {"slot": "index-a-15", "default_width": null}}, {"pk": 27, "model": "cms.placeholder", "fields": {"slot": "index-a-16", "default_width": null}}, {"pk": 28, "model": "cms.placeholder", "fields": {"slot": "index-a-17", "default_width": null}}, {"pk": 29, "model": "cms.placeholder", "fields": {"slot": "index-a-18", "default_width": null}}, {"pk": 30, "model": "cms.placeholder", "fields": {"slot": "index-a-19", "default_width": null}}, {"pk": 31, "model": "cms.placeholder", "fields": {"slot": "index-a-20", "default_width": null}}, {"pk": 32, "model": "cms.placeholder", "fields": {"slot": "index-a-21", "default_width": null}}, {"pk": 33, "model": "cms.placeholder", "fields": {"slot": "index-h3-4", "default_width": null}}, {"pk": 34, "model": "cms.placeholder", "fields": {"slot": "index-a-22", "default_width": null}}, {"pk": 35, "model": "cms.placeholder", "fields": {"slot": "index-h4-6", "default_width": null}}, {"pk": 36, "model": "cms.placeholder", "fields": {"slot": "index-span-15", "default_width": null}}, {"pk": 37, "model": "cms.placeholder", "fields": {"slot": "index-p-7", "default_width": null}}, {"pk": 38, "model": "cms.placeholder", "fields": {"slot": "index-a-24", "default_width": null}}, {"pk": 39, "model": "cms.placeholder", "fields": {"slot": "index-h4-7", "default_width": null}}, {"pk": 40, "model": "cms.placeholder", "fields": {"slot": "index-span-16", "default_width": null}}, {"pk": 41, "model": "cms.placeholder", "fields": {"slot": "index-p-8", "default_width": null}}, {"pk": 42, "model": "cms.placeholder", "fields": {"slot": "index-a-26", "default_width": null}}, {"pk": 43, "model": "cms.placeholder", "fields": {"slot": "index-h4-8", "default_width": null}}, {"pk": 44, "model": "cms.placeholder", "fields": {"slot": "index-span-17", "default_width": null}}, {"pk": 45, "model": "cms.placeholder", "fields": {"slot": "index-p-9", "default_width": null}}, {"pk": 46, "model": "cms.placeholder", "fields": {"slot": "index-h3-5", "default_width": null}}, {"pk": 47, "model": "cms.placeholder", "fields": {"slot": "index-form-1", "default_width": null}}, {"pk": 48, "model": "cms.placeholder", "fields": {"slot": "index-span-18", "default_width": null}}, {"pk": 49, "model": "cms.placeholder", "fields": {"slot": "index-h4-9", "default_width": null}}, {"pk": 50, "model": "cms.placeholder", "fields": {"slot": "index-span-19", "default_width": null}}, {"pk": 51, "model": "cms.placeholder", "fields": {"slot": "index-p-10", "default_width": null}}, {"pk": 52, "model": "cms.placeholder", "fields": {"slot": "index-span-20", "default_width": null}}, {"pk": 53, "model": "cms.placeholder", "fields": {"slot": "index-p-11", "default_width": null}}, {"pk": 54, "model": "cms.placeholder", "fields": {"slot": "index-p-12", "default_width": null}}, {"pk": 55, "model": "cms.placeholder", "fields": {"slot": "index-a-30", "default_width": null}}, {"pk": 56, "model": "cms.placeholder", "fields": {"slot": "index-a-31", "default_width": null}}, {"pk": 57, "model": "cms.placeholder", "fields": {"slot": "index-a-32", "default_width": null}}, {"pk": 58, "model": "cms.placeholder", "fields": {"slot": "index-a-33", "default_width": null}}, {"pk": 59, "model": "cms.placeholder", "fields": {"slot": "index-a-34", "default_width": null}}, {"pk": 60, "model": "cms.placeholder", "fields": {"slot": "index-a-35", "default_width": null}}, {"pk": 61, "model": "cms.placeholder", "fields": {"slot": "index-a-36", "default_width": null}}, {"pk": 62, "model": "cms.placeholder", "fields": {"slot": "index-h1-1", "default_width": null}}, {"pk": 63, "model": "cms.placeholder", "fields": {"slot": "index-span-1", "default_width": null}}, {"pk": 64, "model": "cms.placeholder", "fields": {"slot": "index-ul-1", "default_width": null}}, {"pk": 65, "model": "cms.placeholder", "fields": {"slot": "index-h2-1", "default_width": null}}, {"pk": 66, "model": "cms.placeholder", "fields": {"slot": "index-p-1", "default_width": null}}, {"pk": 67, "model": "cms.placeholder", "fields": {"slot": "index-a-8", "default_width": null}}, {"pk": 68, "model": "cms.placeholder", "fields": {"slot": "index-h3-1", "default_width": null}}, {"pk": 69, "model": "cms.placeholder", "fields": {"slot": "index-span-2", "default_width": null}}, {"pk": 70, "model": "cms.placeholder", "fields": {"slot": "index-h4-1", "default_width": null}}, {"pk": 71, "model": "cms.placeholder", "fields": {"slot": "index-p-2", "default_width": null}}, {"pk": 72, "model": "cms.placeholder", "fields": {"slot": "index-span-3", "default_width": null}}, {"pk": 73, "model": "cms.placeholder", "fields": {"slot": "index-h4-2", "default_width": null}}, {"pk": 74, "model": "cms.placeholder", "fields": {"slot": "index-p-3", "default_width": null}}, {"pk": 75, "model": "cms.placeholder", "fields": {"slot": "index-span-4", "default_width": null}}, {"pk": 76, "model": "cms.placeholder", "fields": {"slot": "index-h4-3", "default_width": null}}, {"pk": 77, "model": "cms.placeholder", "fields": {"slot": "index-p-4", "default_width": null}}, {"pk": 78, "model": "cms.placeholder", "fields": {"slot": "index-span-5", "default_width": null}}, {"pk": 79, "model": "cms.placeholder", "fields": {"slot": "index-h4-4", "default_width": null}}, {"pk": 80, "model": "cms.placeholder", "fields": {"slot": "index-p-5", "default_width": null}}, {"pk": 81, "model": "cms.placeholder", "fields": {"slot": "index-h3-2", "default_width": null}}, {"pk": 82, "model": "cms.placeholder", "fields": {"slot": "index-h4-5", "default_width": null}}, {"pk": 83, "model": "cms.placeholder", "fields": {"slot": "index-p-6", "default_width": null}}, {"pk": 84, "model": "cms.placeholder", "fields": {"slot": "index-h3-3", "default_width": null}}, {"pk": 85, "model": "cms.placeholder", "fields": {"slot": "index-a-13", "default_width": null}}, {"pk": 86, "model": "cms.placeholder", "fields": {"slot": "index-a-14", "default_width": null}}, {"pk": 87, "model": "cms.placeholder", "fields": {"slot": "index-a-15", "default_width": null}}, {"pk": 88, "model": "cms.placeholder", "fields": {"slot": "index-a-16", "default_width": null}}, {"pk": 89, "model": "cms.placeholder", "fields": {"slot": "index-a-17", "default_width": null}}, {"pk": 90, "model": "cms.placeholder", "fields": {"slot": "index-a-18", "default_width": null}}, {"pk": 91, "model": "cms.placeholder", "fields": {"slot": "index-a-19", "default_width": null}}, {"pk": 92, "model": "cms.placeholder", "fields": {"slot": "index-a-20", "default_width": null}}, {"pk": 93, "model": "cms.placeholder", "fields": {"slot": "index-a-21", "default_width": null}}, {"pk": 94, "model": "cms.placeholder", "fields": {"slot": "index-h3-4", "default_width": null}}, {"pk": 95, "model": "cms.placeholder", "fields": {"slot": "index-a-22", "default_width": null}}, {"pk": 96, "model": "cms.placeholder", "fields": {"slot": "index-h4-6", "default_width": null}}, {"pk": 97, "model": "cms.placeholder", "fields": {"slot": "index-span-15", "default_width": null}}, {"pk": 98, "model": "cms.placeholder", "fields": {"slot": "index-p-7", "default_width": null}}, {"pk": 99, "model": "cms.placeholder", "fields": {"slot": "index-a-24", "default_width": null}}, {"pk": 100, "model": "cms.placeholder", "fields": {"slot": "index-h4-7", "default_width": null}}, {"pk": 101, "model": "cms.placeholder", "fields": {"slot": "index-span-16", "default_width": null}}, {"pk": 102, "model": "cms.placeholder", "fields": {"slot": "index-p-8", "default_width": null}}, {"pk": 103, "model": "cms.placeholder", "fields": {"slot": "index-a-26", "default_width": null}}, {"pk": 104, "model": "cms.placeholder", "fields": {"slot": "index-h4-8", "default_width": null}}, {"pk": 105, "model": "cms.placeholder", "fields": {"slot": "index-span-17", "default_width": null}}, {"pk": 106, "model": "cms.placeholder", "fields": {"slot": "index-p-9", "default_width": null}}, {"pk": 107, "model": "cms.placeholder", "fields": {"slot": "index-h3-5", "default_width": null}}, {"pk": 108, "model": "cms.placeholder", "fields": {"slot": "index-form-1", "default_width": null}}, {"pk": 109, "model": "cms.placeholder", "fields": {"slot": "index-span-18", "default_width": null}}, {"pk": 110, "model": "cms.placeholder", "fields": {"slot": "index-h4-9", "default_width": null}}, {"pk": 111, "model": "cms.placeholder", "fields": {"slot": "index-span-19", "default_width": null}}, {"pk": 112, "model": "cms.placeholder", "fields": {"slot": "index-p-10", "default_width": null}}, {"pk": 113, "model": "cms.placeholder", "fields": {"slot": "index-span-20", "default_width": null}}, {"pk": 114, "model": "cms.placeholder", "fields": {"slot": "index-p-11", "default_width": null}}, {"pk": 115, "model": "cms.placeholder", "fields": {"slot": "index-p-12", "default_width": null}}, {"pk": 116, "model": "cms.placeholder", "fields": {"slot": "index-a-30", "default_width": null}}, {"pk": 117, "model": "cms.placeholder", "fields": {"slot": "index-a-31", "default_width": null}}, {"pk": 118, "model": "cms.placeholder", "fields": {"slot": "index-a-32", "default_width": null}}, {"pk": 119, "model": "cms.placeholder", "fields": {"slot": "index-a-33", "default_width": null}}, {"pk": 120, "model": "cms.placeholder", "fields": {"slot": "index-a-34", "default_width": null}}, {"pk": 121, "model": "cms.placeholder", "fields": {"slot": "index-a-35", "default_width": null}}, {"pk": 122, "model": "cms.placeholder", "fields": {"slot": "index-a-36", "default_width": null}}, {"pk": 1, "model": "cms.cmsplugin", "fields": {"changed_date": "2019-05-26T14:57:40.698Z", "language": "zh-hant", "parent": null, "numchild": 0, "creation_date": "2019-05-26T14:57:40.697Z", "depth": 1, "position": 0, "path": "0001", "placeholder": 1, "plugin_type": "TextPlugin"}}, {"pk": 2, "model": "cms.cmsplugin", "fields": {"changed_date": "2019-05-26T14:57:40.710Z", "language": "zh-hant", "parent": null, "numchild": 0, "creation_date": "2019-05-26T14:57:40.709Z", "depth": 1, "position": 0, "path": "0002", "placeholder": 62, "plugin_type": "TextPlugin"}}, {"pk": 3, "model": "cms.cmsplugin", "fields": {"changed_date": "2019-05-26T14:57:40.757Z", "language": "zh-hant", "parent": null, "numchild": 0, "creation_date": "2019-05-26T14:57:40.756Z", "depth": 1, "position": 0, "path": "0003", "placeholder": 2, "plugin_type": "PicturePlugin"}}, {"pk": 4, "model": "cms.cmsplugin", "fields": {"changed_date": "2019-05-26T14:57:40.760Z", "language": "zh-hant", "parent": null, "numchild": 0, "creation_date": "2019-05-26T14:57:40.759Z", "depth": 1, "position": 0, "path": "0004", "placeholder": 63, "plugin_type": "PicturePlugin"}}, {"pk": 5, "model": "cms.cmsplugin", "fields": {"changed_date": "2019-05-26T14:57:40.800Z", "language": "zh-hant", "parent": null, "numchild": 0, "creation_date": "2019-05-26T14:57:40.799Z", "depth": 1, "position": 0, "path": "0005", "placeholder": 3, "plugin_type": "TextPlugin"}}, {"pk": 6, "model": "cms.cmsplugin", "fields": {"changed_date": "2019-05-26T14:57:40.814Z", "language": "zh-hant", "parent": null, "numchild": 0, "creation_date": "2019-05-26T14:57:40.813Z", "depth": 1, "position": 0, "path": "0006", "placeholder": 64, "plugin_type": "TextPlugin"}}, {"pk": 7, "model": "cms.cmsplugin", "fields": {"changed_date": "2019-05-26T14:57:40.864Z", "language": "zh-hant", "parent": null, "numchild": 0, "creation_date": "2019-05-26T14:57:40.863Z", "depth": 1, "position": 0, "path": "0007", "placeholder": 4, "plugin_type": "TextPlugin"}}, {"pk": 8, "model": "cms.cmsplugin", "fields": {"changed_date": "2019-05-26T14:57:40.871Z", "language": "zh-hant", "parent": null, "numchild": 0, "creation_date": "2019-05-26T14:57:40.870Z", "depth": 1, "position": 0, "path": "0008", "placeholder": 65, "plugin_type": "TextPlugin"}}, {"pk": 9, "model": "cms.cmsplugin", "fields": {"changed_date": "2019-05-26T14:57:40.916Z", "language": "zh-hant", "parent": null, "numchild": 0, "creation_date": "2019-05-26T14:57:40.914Z", "depth": 1, "position": 0, "path": "0009", "placeholder": 5, "plugin_type": "TextPlugin"}}, {"pk": 10, "model": "cms.cmsplugin", "fields": {"changed_date": "2019-05-26T14:57:40.922Z", "language": "zh-hant", "parent": null, "numchild": 0, "creation_date": "2019-05-26T14:57:40.921Z", "depth": 1, "position": 0, "path": "000A", "placeholder": 66, "plugin_type": "TextPlugin"}}, {"pk": 11, "model": "cms.cmsplugin", "fields": {"changed_date": "2019-05-26T14:57:40.966Z", "language": "zh-hant", "parent": null, "numchild": 0, "creation_date": "2019-05-26T14:57:40.964Z", "depth": 1, "position": 0, "path": "000B", "placeholder": 6, "plugin_type": "TextPlugin"}}, {"pk": 12, "model": "cms.cmsplugin", "fields": {"changed_date": "2019-05-26T14:57:40.973Z", "language": "zh-hant", "parent": null, "numchild": 0, "creation_date": "2019-05-26T14:57:40.972Z", "depth": 1, "position": 0, "path": "000C", "placeholder": 67, "plugin_type": "TextPlugin"}}, {"pk": 13, "model": "cms.cmsplugin", "fields": {"changed_date": "2019-05-26T14:57:41.042Z", "language": "zh-hant", "parent": null, "numchild": 0, "creation_date": "2019-05-26T14:57:41.041Z", "depth": 1, "position": 0, "path": "000D", "placeholder": 7, "plugin_type": "TextPlugin"}}, {"pk": 14, "model": "cms.cmsplugin", "fields": {"changed_date": "2019-05-26T14:57:41.049Z", "language": "zh-hant", "parent": null, "numchild": 0, "creation_date": "2019-05-26T14:57:41.047Z", "depth": 1, "position": 0, "path": "000E", "placeholder": 68, "plugin_type": "TextPlugin"}}, {"pk": 15, "model": "cms.cmsplugin", "fields": {"changed_date": "2019-05-26T14:57:41.091Z", "language": "zh-hant", "parent": null, "numchild": 0, "creation_date": "2019-05-26T14:57:41.090Z", "depth": 1, "position": 0, "path": "000F", "placeholder": 8, "plugin_type": "TextPlugin"}}, {"pk": 16, "model": "cms.cmsplugin", "fields": {"changed_date": "2019-05-26T14:57:41.097Z", "language": "zh-hant", "parent": null, "numchild": 0, "creation_date": "2019-05-26T14:57:41.096Z", "depth": 1, "position": 0, "path": "000G", "placeholder": 69, "plugin_type": "TextPlugin"}}, {"pk": 17, "model": "cms.cmsplugin", "fields": {"changed_date": "2019-05-26T14:57:41.140Z", "language": "zh-hant", "parent": null, "numchild": 0, "creation_date": "2019-05-26T14:57:41.139Z", "depth": 1, "position": 0, "path": "000H", "placeholder": 9, "plugin_type": "TextPlugin"}}, {"pk": 18, "model": "cms.cmsplugin", "fields": {"changed_date": "2019-05-26T14:57:41.146Z", "language": "zh-hant", "parent": null, "numchild": 0, "creation_date": "2019-05-26T14:57:41.145Z", "depth": 1, "position": 0, "path": "000I", "placeholder": 70, "plugin_type": "TextPlugin"}}, {"pk": 19, "model": "cms.cmsplugin", "fields": {"changed_date": "2019-05-26T14:57:41.190Z", "language": "zh-hant", "parent": null, "numchild": 0, "creation_date": "2019-05-26T14:57:41.189Z", "depth": 1, "position": 0, "path": "000J", "placeholder": 10, "plugin_type": "TextPlugin"}}, {"pk": 20, "model": "cms.cmsplugin", "fields": {"changed_date": "2019-05-26T14:57:41.196Z", "language": "zh-hant", "parent": null, "numchild": 0, "creation_date": "2019-05-26T14:57:41.195Z", "depth": 1, "position": 0, "path": "000K", "placeholder": 71, "plugin_type": "TextPlugin"}}, {"pk": 21, "model": "cms.cmsplugin", "fields": {"changed_date": "2019-05-26T14:57:41.239Z", "language": "zh-hant", "parent": null, "numchild": 0, "creation_date": "2019-05-26T14:57:41.238Z", "depth": 1, "position": 0, "path": "000L", "placeholder": 11, "plugin_type": "TextPlugin"}}, {"pk": 22, "model": "cms.cmsplugin", "fields": {"changed_date": "2019-05-26T14:57:41.245Z", "language": "zh-hant", "parent": null, "numchild": 0, "creation_date": "2019-05-26T14:57:41.244Z", "depth": 1, "position": 0, "path": "000M", "placeholder": 72, "plugin_type": "TextPlugin"}}, {"pk": 23, "model": "cms.cmsplugin", "fields": {"changed_date": "2019-05-26T14:57:41.286Z", "language": "zh-hant", "parent": null, "numchild": 0, "creation_date": "2019-05-26T14:57:41.285Z", "depth": 1, "position": 0, "path": "000N", "placeholder": 12, "plugin_type": "TextPlugin"}}, {"pk": 24, "model": "cms.cmsplugin", "fields": {"changed_date": "2019-05-26T14:57:41.292Z", "language": "zh-hant", "parent": null, "numchild": 0, "creation_date": "2019-05-26T14:57:41.291Z", "depth": 1, "position": 0, "path": "000O", "placeholder": 73, "plugin_type": "TextPlugin"}}, {"pk": 25, "model": "cms.cmsplugin", "fields": {"changed_date": "2019-05-26T14:57:41.341Z", "language": "zh-hant", "parent": null, "numchild": 0, "creation_date": "2019-05-26T14:57:41.339Z", "depth": 1, "position": 0, "path": "000P", "placeholder": 13, "plugin_type": "TextPlugin"}}, {"pk": 26, "model": "cms.cmsplugin", "fields": {"changed_date": "2019-05-26T14:57:41.347Z", "language": "zh-hant", "parent": null, "numchild": 0, "creation_date": "2019-05-26T14:57:41.346Z", "depth": 1, "position": 0, "path": "000Q", "placeholder": 74, "plugin_type": "TextPlugin"}}, {"pk": 27, "model": "cms.cmsplugin", "fields": {"changed_date": "2019-05-26T14:57:41.392Z", "language": "zh-hant", "parent": null, "numchild": 0, "creation_date": "2019-05-26T14:57:41.391Z", "depth": 1, "position": 0, "path": "000R", "placeholder": 14, "plugin_type": "TextPlugin"}}, {"pk": 28, "model": "cms.cmsplugin", "fields": {"changed_date": "2019-05-26T14:57:41.397Z", "language": "zh-hant", "parent": null, "numchild": 0, "creation_date": "2019-05-26T14:57:41.396Z", "depth": 1, "position": 0, "path": "000S", "placeholder": 75, "plugin_type": "TextPlugin"}}, {"pk": 29, "model": "cms.cmsplugin", "fields": {"changed_date": "2019-05-26T14:57:41.439Z", "language": "zh-hant", "parent": null, "numchild": 0, "creation_date": "2019-05-26T14:57:41.439Z", "depth": 1, "position": 0, "path": "000T", "placeholder": 15, "plugin_type": "TextPlugin"}}, {"pk": 30, "model": "cms.cmsplugin", "fields": {"changed_date": "2019-05-26T14:57:41.446Z", "language": "zh-hant", "parent": null, "numchild": 0, "creation_date": "2019-05-26T14:57:41.445Z", "depth": 1, "position": 0, "path": "000U", "placeholder": 76, "plugin_type": "TextPlugin"}}, {"pk": 31, "model": "cms.cmsplugin", "fields": {"changed_date": "2019-05-26T14:57:41.489Z", "language": "zh-hant", "parent": null, "numchild": 0, "creation_date": "2019-05-26T14:57:41.488Z", "depth": 1, "position": 0, "path": "000V", "placeholder": 16, "plugin_type": "TextPlugin"}}, {"pk": 32, "model": "cms.cmsplugin", "fields": {"changed_date": "2019-05-26T14:57:41.495Z", "language": "zh-hant", "parent": null, "numchild": 0, "creation_date": "2019-05-26T14:57:41.494Z", "depth": 1, "position": 0, "path": "000W", "placeholder": 77, "plugin_type": "TextPlugin"}}, {"pk": 33, "model": "cms.cmsplugin", "fields": {"changed_date": "2019-05-26T14:57:41.540Z", "language": "zh-hant", "parent": null, "numchild": 0, "creation_date": "2019-05-26T14:57:41.539Z", "depth": 1, "position": 0, "path": "000X", "placeholder": 17, "plugin_type": "TextPlugin"}}, {"pk": 34, "model": "cms.cmsplugin", "fields": {"changed_date": "2019-05-26T14:57:41.546Z", "language": "zh-hant", "parent": null, "numchild": 0, "creation_date": "2019-05-26T14:57:41.545Z", "depth": 1, "position": 0, "path": "000Y", "placeholder": 78, "plugin_type": "TextPlugin"}}, {"pk": 35, "model": "cms.cmsplugin", "fields": {"changed_date": "2019-05-26T14:57:41.588Z", "language": "zh-hant", "parent": null, "numchild": 0, "creation_date": "2019-05-26T14:57:41.587Z", "depth": 1, "position": 0, "path": "000Z", "placeholder": 18, "plugin_type": "TextPlugin"}}, {"pk": 36, "model": "cms.cmsplugin", "fields": {"changed_date": "2019-05-26T14:57:41.595Z", "language": "zh-hant", "parent": null, "numchild": 0, "creation_date": "2019-05-26T14:57:41.594Z", "depth": 1, "position": 0, "path": "0010", "placeholder": 79, "plugin_type": "TextPlugin"}}, {"pk": 37, "model": "cms.cmsplugin", "fields": {"changed_date": "2019-05-26T14:57:41.647Z", "language": "zh-hant", "parent": null, "numchild": 0, "creation_date": "2019-05-26T14:57:41.646Z", "depth": 1, "position": 0, "path": "0011", "placeholder": 19, "plugin_type": "TextPlugin"}}, {"pk": 38, "model": "cms.cmsplugin", "fields": {"changed_date": "2019-05-26T14:57:41.654Z", "language": "zh-hant", "parent": null, "numchild": 0, "creation_date": "2019-05-26T14:57:41.653Z", "depth": 1, "position": 0, "path": "0012", "placeholder": 80, "plugin_type": "TextPlugin"}}, {"pk": 39, "model": "cms.cmsplugin", "fields": {"changed_date": "2019-05-26T14:57:41.716Z", "language": "zh-hant", "parent": null, "numchild": 0, "creation_date": "2019-05-26T14:57:41.713Z", "depth": 1, "position": 0, "path": "0013", "placeholder": 20, "plugin_type": "TextPlugin"}}, {"pk": 40, "model": "cms.cmsplugin", "fields": {"changed_date": "2019-05-26T14:57:41.723Z", "language": "zh-hant", "parent": null, "numchild": 0, "creation_date": "2019-05-26T14:57:41.722Z", "depth": 1, "position": 0, "path": "0014", "placeholder": 81, "plugin_type": "TextPlugin"}}, {"pk": 41, "model": "cms.cmsplugin", "fields": {"changed_date": "2019-05-26T14:57:41.778Z", "language": "zh-hant", "parent": null, "numchild": 0, "creation_date": "2019-05-26T14:57:41.777Z", "depth": 1, "position": 0, "path": "0015", "placeholder": 21, "plugin_type": "TextPlugin"}}, {"pk": 42, "model": "cms.cmsplugin", "fields": {"changed_date": "2019-05-26T14:57:41.786Z", "language": "zh-hant", "parent": null, "numchild": 0, "creation_date": "2019-05-26T14:57:41.785Z", "depth": 1, "position": 0, "path": "0016", "placeholder": 82, "plugin_type": "TextPlugin"}}, {"pk": 43, "model": "cms.cmsplugin", "fields": {"changed_date": "2019-05-26T14:57:41.830Z", "language": "zh-hant", "parent": null, "numchild": 0, "creation_date": "2019-05-26T14:57:41.829Z", "depth": 1, "position": 0, "path": "0017", "placeholder": 22, "plugin_type": "TextPlugin"}}, {"pk": 44, "model": "cms.cmsplugin", "fields": {"changed_date": "2019-05-26T14:57:41.838Z", "language": "zh-hant", "parent": null, "numchild": 0, "creation_date": "2019-05-26T14:57:41.837Z", "depth": 1, "position": 0, "path": "0018", "placeholder": 83, "plugin_type": "TextPlugin"}}, {"pk": 45, "model": "cms.cmsplugin", "fields": {"changed_date": "2019-05-26T14:57:41.881Z", "language": "zh-hant", "parent": null, "numchild": 0, "creation_date": "2019-05-26T14:57:41.880Z", "depth": 1, "position": 0, "path": "0019", "placeholder": 23, "plugin_type": "TextPlugin"}}, {"pk": 46, "model": "cms.cmsplugin", "fields": {"changed_date": "2019-05-26T14:57:41.887Z", "language": "zh-hant", "parent": null, "numchild": 0, "creation_date": "2019-05-26T14:57:41.887Z", "depth": 1, "position": 0, "path": "001A", "placeholder": 84, "plugin_type": "TextPlugin"}}, {"pk": 47, "model": "cms.cmsplugin", "fields": {"changed_date": "2019-05-26T14:57:41.929Z", "language": "zh-hant", "parent": null, "numchild": 0, "creation_date": "2019-05-26T14:57:41.928Z", "depth": 1, "position": 0, "path": "001B", "placeholder": 24, "plugin_type": "TextPlugin"}}, {"pk": 48, "model": "cms.cmsplugin", "fields": {"changed_date": "2019-05-26T14:57:41.940Z", "language": "zh-hant", "parent": null, "numchild": 0, "creation_date": "2019-05-26T14:57:41.939Z", "depth": 1, "position": 0, "path": "001C", "placeholder": 85, "plugin_type": "TextPlugin"}}, {"pk": 49, "model": "cms.cmsplugin", "fields": {"changed_date": "2019-05-26T14:57:41.984Z", "language": "zh-hant", "parent": null, "numchild": 0, "creation_date": "2019-05-26T14:57:41.983Z", "depth": 1, "position": 0, "path": "001D", "placeholder": 25, "plugin_type": "TextPlugin"}}, {"pk": 50, "model": "cms.cmsplugin", "fields": {"changed_date": "2019-05-26T14:57:41.993Z", "language": "zh-hant", "parent": null, "numchild": 0, "creation_date": "2019-05-26T14:57:41.992Z", "depth": 1, "position": 0, "path": "001E", "placeholder": 86, "plugin_type": "TextPlugin"}}, {"pk": 51, "model": "cms.cmsplugin", "fields": {"changed_date": "2019-05-26T14:57:42.038Z", "language": "zh-hant", "parent": null, "numchild": 0, "creation_date": "2019-05-26T14:57:42.037Z", "depth": 1, "position": 0, "path": "001F", "placeholder": 26, "plugin_type": "TextPlugin"}}, {"pk": 52, "model": "cms.cmsplugin", "fields": {"changed_date": "2019-05-26T14:57:42.047Z", "language": "zh-hant", "parent": null, "numchild": 0, "creation_date": "2019-05-26T14:57:42.046Z", "depth": 1, "position": 0, "path": "001G", "placeholder": 87, "plugin_type": "TextPlugin"}}, {"pk": 53, "model": "cms.cmsplugin", "fields": {"changed_date": "2019-05-26T14:57:42.093Z", "language": "zh-hant", "parent": null, "numchild": 0, "creation_date": "2019-05-26T14:57:42.092Z", "depth": 1, "position": 0, "path": "001H", "placeholder": 27, "plugin_type": "TextPlugin"}}, {"pk": 54, "model": "cms.cmsplugin", "fields": {"changed_date": "2019-05-26T14:57:42.104Z", "language": "zh-hant", "parent": null, "numchild": 0, "creation_date": "2019-05-26T14:57:42.103Z", "depth": 1, "position": 0, "path": "001I", "placeholder": 88, "plugin_type": "TextPlugin"}}, {"pk": 55, "model": "cms.cmsplugin", "fields": {"changed_date": "2019-05-26T14:57:42.151Z", "language": "zh-hant", "parent": null, "numchild": 0, "creation_date": "2019-05-26T14:57:42.149Z", "depth": 1, "position": 0, "path": "001J", "placeholder": 28, "plugin_type": "TextPlugin"}}, {"pk": 56, "model": "cms.cmsplugin", "fields": {"changed_date": "2019-05-26T14:57:42.161Z", "language": "zh-hant", "parent": null, "numchild": 0, "creation_date": "2019-05-26T14:57:42.160Z", "depth": 1, "position": 0, "path": "001K", "placeholder": 89, "plugin_type": "TextPlugin"}}, {"pk": 57, "model": "cms.cmsplugin", "fields": {"changed_date": "2019-05-26T14:57:42.206Z", "language": "zh-hant", "parent": null, "numchild": 0, "creation_date": "2019-05-26T14:57:42.205Z", "depth": 1, "position": 0, "path": "001L", "placeholder": 29, "plugin_type": "TextPlugin"}}, {"pk": 58, "model": "cms.cmsplugin", "fields": {"changed_date": "2019-05-26T14:57:42.217Z", "language": "zh-hant", "parent": null, "numchild": 0, "creation_date": "2019-05-26T14:57:42.215Z", "depth": 1, "position": 0, "path": "001M", "placeholder": 90, "plugin_type": "TextPlugin"}}, {"pk": 59, "model": "cms.cmsplugin", "fields": {"changed_date": "2019-05-26T14:57:42.261Z", "language": "zh-hant", "parent": null, "numchild": 0, "creation_date": "2019-05-26T14:57:42.260Z", "depth": 1, "position": 0, "path": "001N", "placeholder": 30, "plugin_type": "TextPlugin"}}, {"pk": 60, "model": "cms.cmsplugin", "fields": {"changed_date": "2019-05-26T14:57:42.293Z", "language": "zh-hant", "parent": null, "numchild": 0, "creation_date": "2019-05-26T14:57:42.292Z", "depth": 1, "position": 0, "path": "001O", "placeholder": 91, "plugin_type": "TextPlugin"}}, {"pk": 61, "model": "cms.cmsplugin", "fields": {"changed_date": "2019-05-26T14:57:42.338Z", "language": "zh-hant", "parent": null, "numchild": 0, "creation_date": "2019-05-26T14:57:42.337Z", "depth": 1, "position": 0, "path": "001P", "placeholder": 31, "plugin_type": "TextPlugin"}}, {"pk": 62, "model": "cms.cmsplugin", "fields": {"changed_date": "2019-05-26T14:57:42.350Z", "language": "zh-hant", "parent": null, "numchild": 0, "creation_date": "2019-05-26T14:57:42.349Z", "depth": 1, "position": 0, "path": "001Q", "placeholder": 92, "plugin_type": "TextPlugin"}}, {"pk": 63, "model": "cms.cmsplugin", "fields": {"changed_date": "2019-05-26T14:57:42.401Z", "language": "zh-hant", "parent": null, "numchild": 0, "creation_date": "2019-05-26T14:57:42.399Z", "depth": 1, "position": 0, "path": "001R", "placeholder": 32, "plugin_type": "TextPlugin"}}, {"pk": 64, "model": "cms.cmsplugin", "fields": {"changed_date": "2019-05-26T14:57:42.411Z", "language": "zh-hant", "parent": null, "numchild": 0, "creation_date": "2019-05-26T14:57:42.410Z", "depth": 1, "position": 0, "path": "001S", "placeholder": 93, "plugin_type": "TextPlugin"}}, {"pk": 65, "model": "cms.cmsplugin", "fields": {"changed_date": "2019-05-26T14:57:42.455Z", "language": "zh-hant", "parent": null, "numchild": 0, "creation_date": "2019-05-26T14:57:42.454Z", "depth": 1, "position": 0, "path": "001T", "placeholder": 33, "plugin_type": "TextPlugin"}}, {"pk": 66, "model": "cms.cmsplugin", "fields": {"changed_date": "2019-05-26T14:57:42.461Z", "language": "zh-hant", "parent": null, "numchild": 0, "creation_date": "2019-05-26T14:57:42.460Z", "depth": 1, "position": 0, "path": "001U", "placeholder": 94, "plugin_type": "TextPlugin"}}, {"pk": 67, "model": "cms.cmsplugin", "fields": {"changed_date": "2019-05-26T14:57:42.504Z", "language": "zh-hant", "parent": null, "numchild": 0, "creation_date": "2019-05-26T14:57:42.502Z", "depth": 1, "position": 0, "path": "001V", "placeholder": 34, "plugin_type": "PicturePlugin"}}, {"pk": 68, "model": "cms.cmsplugin", "fields": {"changed_date": "2019-05-26T14:57:42.508Z", "language": "zh-hant", "parent": null, "numchild": 0, "creation_date": "2019-05-26T14:57:42.507Z", "depth": 1, "position": 0, "path": "001W", "placeholder": 95, "plugin_type": "PicturePlugin"}}, {"pk": 69, "model": "cms.cmsplugin", "fields": {"changed_date": "2019-05-26T14:57:42.548Z", "language": "zh-hant", "parent": null, "numchild": 0, "creation_date": "2019-05-26T14:57:42.547Z", "depth": 1, "position": 0, "path": "001X", "placeholder": 35, "plugin_type": "TextPlugin"}}, {"pk": 70, "model": "cms.cmsplugin", "fields": {"changed_date": "2019-05-26T14:57:42.555Z", "language": "zh-hant", "parent": null, "numchild": 0, "creation_date": "2019-05-26T14:57:42.554Z", "depth": 1, "position": 0, "path": "001Y", "placeholder": 96, "plugin_type": "TextPlugin"}}, {"pk": 71, "model": "cms.cmsplugin", "fields": {"changed_date": "2019-05-26T14:57:42.598Z", "language": "zh-hant", "parent": null, "numchild": 0, "creation_date": "2019-05-26T14:57:42.596Z", "depth": 1, "position": 0, "path": "001Z", "placeholder": 36, "plugin_type": "TextPlugin"}}, {"pk": 72, "model": "cms.cmsplugin", "fields": {"changed_date": "2019-05-26T14:57:42.605Z", "language": "zh-hant", "parent": null, "numchild": 0, "creation_date": "2019-05-26T14:57:42.604Z", "depth": 1, "position": 0, "path": "0020", "placeholder": 97, "plugin_type": "TextPlugin"}}, {"pk": 73, "model": "cms.cmsplugin", "fields": {"changed_date": "2019-05-26T14:57:42.645Z", "language": "zh-hant", "parent": null, "numchild": 0, "creation_date": "2019-05-26T14:57:42.644Z", "depth": 1, "position": 0, "path": "0021", "placeholder": 37, "plugin_type": "TextPlugin"}}, {"pk": 74, "model": "cms.cmsplugin", "fields": {"changed_date": "2019-05-26T14:57:42.651Z", "language": "zh-hant", "parent": null, "numchild": 0, "creation_date": "2019-05-26T14:57:42.650Z", "depth": 1, "position": 0, "path": "0022", "placeholder": 98, "plugin_type": "TextPlugin"}}, {"pk": 75, "model": "cms.cmsplugin", "fields": {"changed_date": "2019-05-26T14:57:42.692Z", "language": "zh-hant", "parent": null, "numchild": 0, "creation_date": "2019-05-26T14:57:42.691Z", "depth": 1, "position": 0, "path": "0023", "placeholder": 38, "plugin_type": "PicturePlugin"}}, {"pk": 76, "model": "cms.cmsplugin", "fields": {"changed_date": "2019-05-26T14:57:42.695Z", "language": "zh-hant", "parent": null, "numchild": 0, "creation_date": "2019-05-26T14:57:42.694Z", "depth": 1, "position": 0, "path": "0024", "placeholder": 99, "plugin_type": "PicturePlugin"}}, {"pk": 77, "model": "cms.cmsplugin", "fields": {"changed_date": "2019-05-26T14:57:42.735Z", "language": "zh-hant", "parent": null, "numchild": 0, "creation_date": "2019-05-26T14:57:42.733Z", "depth": 1, "position": 0, "path": "0025", "placeholder": 39, "plugin_type": "TextPlugin"}}, {"pk": 78, "model": "cms.cmsplugin", "fields": {"changed_date": "2019-05-26T14:57:42.741Z", "language": "zh-hant", "parent": null, "numchild": 0, "creation_date": "2019-05-26T14:57:42.740Z", "depth": 1, "position": 0, "path": "0026", "placeholder": 100, "plugin_type": "TextPlugin"}}, {"pk": 79, "model": "cms.cmsplugin", "fields": {"changed_date": "2019-05-26T14:57:42.783Z", "language": "zh-hant", "parent": null, "numchild": 0, "creation_date": "2019-05-26T14:57:42.782Z", "depth": 1, "position": 0, "path": "0027", "placeholder": 40, "plugin_type": "TextPlugin"}}, {"pk": 80, "model": "cms.cmsplugin", "fields": {"changed_date": "2019-05-26T14:57:42.789Z", "language": "zh-hant", "parent": null, "numchild": 0, "creation_date": "2019-05-26T14:57:42.788Z", "depth": 1, "position": 0, "path": "0028", "placeholder": 101, "plugin_type": "TextPlugin"}}, {"pk": 81, "model": "cms.cmsplugin", "fields": {"changed_date": "2019-05-26T14:57:42.828Z", "language": "zh-hant", "parent": null, "numchild": 0, "creation_date": "2019-05-26T14:57:42.827Z", "depth": 1, "position": 0, "path": "0029", "placeholder": 41, "plugin_type": "TextPlugin"}}, {"pk": 82, "model": "cms.cmsplugin", "fields": {"changed_date": "2019-05-26T14:57:42.835Z", "language": "zh-hant", "parent": null, "numchild": 0, "creation_date": "2019-05-26T14:57:42.834Z", "depth": 1, "position": 0, "path": "002A", "placeholder": 102, "plugin_type": "TextPlugin"}}, {"pk": 83, "model": "cms.cmsplugin", "fields": {"changed_date": "2019-05-26T14:57:42.877Z", "language": "zh-hant", "parent": null, "numchild": 0, "creation_date": "2019-05-26T14:57:42.876Z", "depth": 1, "position": 0, "path": "002B", "placeholder": 42, "plugin_type": "PicturePlugin"}}, {"pk": 84, "model": "cms.cmsplugin", "fields": {"changed_date": "2019-05-26T14:57:42.880Z", "language": "zh-hant", "parent": null, "numchild": 0, "creation_date": "2019-05-26T14:57:42.879Z", "depth": 1, "position": 0, "path": "002C", "placeholder": 103, "plugin_type": "PicturePlugin"}}, {"pk": 85, "model": "cms.cmsplugin", "fields": {"changed_date": "2019-05-26T14:57:42.918Z", "language": "zh-hant", "parent": null, "numchild": 0, "creation_date": "2019-05-26T14:57:42.916Z", "depth": 1, "position": 0, "path": "002D", "placeholder": 43, "plugin_type": "TextPlugin"}}, {"pk": 86, "model": "cms.cmsplugin", "fields": {"changed_date": "2019-05-26T14:57:42.926Z", "language": "zh-hant", "parent": null, "numchild": 0, "creation_date": "2019-05-26T14:57:42.924Z", "depth": 1, "position": 0, "path": "002E", "placeholder": 104, "plugin_type": "TextPlugin"}}, {"pk": 87, "model": "cms.cmsplugin", "fields": {"changed_date": "2019-05-26T14:57:42.970Z", "language": "zh-hant", "parent": null, "numchild": 0, "creation_date": "2019-05-26T14:57:42.968Z", "depth": 1, "position": 0, "path": "002F", "placeholder": 44, "plugin_type": "TextPlugin"}}, {"pk": 88, "model": "cms.cmsplugin", "fields": {"changed_date": "2019-05-26T14:57:42.978Z", "language": "zh-hant", "parent": null, "numchild": 0, "creation_date": "2019-05-26T14:57:42.977Z", "depth": 1, "position": 0, "path": "002G", "placeholder": 105, "plugin_type": "TextPlugin"}}, {"pk": 89, "model": "cms.cmsplugin", "fields": {"changed_date": "2019-05-26T14:57:43.021Z", "language": "zh-hant", "parent": null, "numchild": 0, "creation_date": "2019-05-26T14:57:43.020Z", "depth": 1, "position": 0, "path": "002H", "placeholder": 45, "plugin_type": "TextPlugin"}}, {"pk": 90, "model": "cms.cmsplugin", "fields": {"changed_date": "2019-05-26T14:57:43.027Z", "language": "zh-hant", "parent": null, "numchild": 0, "creation_date": "2019-05-26T14:57:43.026Z", "depth": 1, "position": 0, "path": "002I", "placeholder": 106, "plugin_type": "TextPlugin"}}, {"pk": 91, "model": "cms.cmsplugin", "fields": {"changed_date": "2019-05-26T14:57:43.071Z", "language": "zh-hant", "parent": null, "numchild": 0, "creation_date": "2019-05-26T14:57:43.070Z", "depth": 1, "position": 0, "path": "002J", "placeholder": 46, "plugin_type": "TextPlugin"}}, {"pk": 92, "model": "cms.cmsplugin", "fields": {"changed_date": "2019-05-26T14:57:43.078Z", "language": "zh-hant", "parent": null, "numchild": 0, "creation_date": "2019-05-26T14:57:43.077Z", "depth": 1, "position": 0, "path": "002K", "placeholder": 107, "plugin_type": "TextPlugin"}}, {"pk": 93, "model": "cms.cmsplugin", "fields": {"changed_date": "2019-05-26T14:57:43.123Z", "language": "zh-hant", "parent": null, "numchild": 0, "creation_date": "2019-05-26T14:57:43.122Z", "depth": 1, "position": 0, "path": "002L", "placeholder": 47, "plugin_type": "TextPlugin"}}, {"pk": 94, "model": "cms.cmsplugin", "fields": {"changed_date": "2019-05-26T14:57:43.133Z", "language": "zh-hant", "parent": null, "numchild": 0, "creation_date": "2019-05-26T14:57:43.131Z", "depth": 1, "position": 0, "path": "002M", "placeholder": 108, "plugin_type": "TextPlugin"}}, {"pk": 95, "model": "cms.cmsplugin", "fields": {"changed_date": "2019-05-26T14:57:43.178Z", "language": "zh-hant", "parent": null, "numchild": 0, "creation_date": "2019-05-26T14:57:43.177Z", "depth": 1, "position": 0, "path": "002N", "placeholder": 48, "plugin_type": "TextPlugin"}}, {"pk": 96, "model": "cms.cmsplugin", "fields": {"changed_date": "2019-05-26T14:57:43.184Z", "language": "zh-hant", "parent": null, "numchild": 0, "creation_date": "2019-05-26T14:57:43.183Z", "depth": 1, "position": 0, "path": "002O", "placeholder": 109, "plugin_type": "TextPlugin"}}, {"pk": 97, "model": "cms.cmsplugin", "fields": {"changed_date": "2019-05-26T14:57:43.246Z", "language": "zh-hant", "parent": null, "numchild": 0, "creation_date": "2019-05-26T14:57:43.245Z", "depth": 1, "position": 0, "path": "002P", "placeholder": 49, "plugin_type": "TextPlugin"}}, {"pk": 98, "model": "cms.cmsplugin", "fields": {"changed_date": "2019-05-26T14:57:43.253Z", "language": "zh-hant", "parent": null, "numchild": 0, "creation_date": "2019-05-26T14:57:43.252Z", "depth": 1, "position": 0, "path": "002Q", "placeholder": 110, "plugin_type": "TextPlugin"}}, {"pk": 99, "model": "cms.cmsplugin", "fields": {"changed_date": "2019-05-26T14:57:43.291Z", "language": "zh-hant", "parent": null, "numchild": 0, "creation_date": "2019-05-26T14:57:43.290Z", "depth": 1, "position": 0, "path": "002R", "placeholder": 50, "plugin_type": "TextPlugin"}}, {"pk": 100, "model": "cms.cmsplugin", "fields": {"changed_date": "2019-05-26T14:57:43.297Z", "language": "zh-hant", "parent": null, "numchild": 0, "creation_date": "2019-05-26T14:57:43.296Z", "depth": 1, "position": 0, "path": "002S", "placeholder": 111, "plugin_type": "TextPlugin"}}, {"pk": 101, "model": "cms.cmsplugin", "fields": {"changed_date": "2019-05-26T14:57:43.336Z", "language": "zh-hant", "parent": null, "numchild": 0, "creation_date": "2019-05-26T14:57:43.335Z", "depth": 1, "position": 0, "path": "002T", "placeholder": 51, "plugin_type": "TextPlugin"}}, {"pk": 102, "model": "cms.cmsplugin", "fields": {"changed_date": "2019-05-26T14:57:43.344Z", "language": "zh-hant", "parent": null, "numchild": 0, "creation_date": "2019-05-26T14:57:43.343Z", "depth": 1, "position": 0, "path": "002U", "placeholder": 112, "plugin_type": "TextPlugin"}}, {"pk": 103, "model": "cms.cmsplugin", "fields": {"changed_date": "2019-05-26T14:57:43.384Z", "language": "zh-hant", "parent": null, "numchild": 0, "creation_date": "2019-05-26T14:57:43.382Z", "depth": 1, "position": 0, "path": "002V", "placeholder": 52, "plugin_type": "TextPlugin"}}, {"pk": 104, "model": "cms.cmsplugin", "fields": {"changed_date": "2019-05-26T14:57:43.389Z", "language": "zh-hant", "parent": null, "numchild": 0, "creation_date": "2019-05-26T14:57:43.388Z", "depth": 1, "position": 0, "path": "002W", "placeholder": 113, "plugin_type": "TextPlugin"}}, {"pk": 105, "model": "cms.cmsplugin", "fields": {"changed_date": "2019-05-26T14:57:43.429Z", "language": "zh-hant", "parent": null, "numchild": 0, "creation_date": "2019-05-26T14:57:43.428Z", "depth": 1, "position": 0, "path": "002X", "placeholder": 53, "plugin_type": "TextPlugin"}}, {"pk": 106, "model": "cms.cmsplugin", "fields": {"changed_date": "2019-05-26T14:57:43.437Z", "language": "zh-hant", "parent": null, "numchild": 0, "creation_date": "2019-05-26T14:57:43.436Z", "depth": 1, "position": 0, "path": "002Y", "placeholder": 114, "plugin_type": "TextPlugin"}}, {"pk": 107, "model": "cms.cmsplugin", "fields": {"changed_date": "2019-05-26T14:57:43.479Z", "language": "zh-hant", "parent": null, "numchild": 0, "creation_date": "2019-05-26T14:57:43.478Z", "depth": 1, "position": 0, "path": "002Z", "placeholder": 54, "plugin_type": "TextPlugin"}}, {"pk": 108, "model": "cms.cmsplugin", "fields": {"changed_date": "2019-05-26T14:57:43.489Z", "language": "zh-hant", "parent": null, "numchild": 0, "creation_date": "2019-05-26T14:57:43.487Z", "depth": 1, "position": 0, "path": "0030", "placeholder": 115, "plugin_type": "TextPlugin"}}, {"pk": 109, "model": "cms.cmsplugin", "fields": {"changed_date": "2019-05-26T14:57:43.530Z", "language": "zh-hant", "parent": null, "numchild": 0, "creation_date": "2019-05-26T14:57:43.529Z", "depth": 1, "position": 0, "path": "0031", "placeholder": 55, "plugin_type": "TextPlugin"}}, {"pk": 110, "model": "cms.cmsplugin", "fields": {"changed_date": "2019-05-26T14:57:43.538Z", "language": "zh-hant", "parent": null, "numchild": 0, "creation_date": "2019-05-26T14:57:43.537Z", "depth": 1, "position": 0, "path": "0032", "placeholder": 116, "plugin_type": "TextPlugin"}}, {"pk": 111, "model": "cms.cmsplugin", "fields": {"changed_date": "2019-05-26T14:57:43.580Z", "language": "zh-hant", "parent": null, "numchild": 0, "creation_date": "2019-05-26T14:57:43.579Z", "depth": 1, "position": 0, "path": "0033", "placeholder": 56, "plugin_type": "TextPlugin"}}, {"pk": 112, "model": "cms.cmsplugin", "fields": {"changed_date": "2019-05-26T14:57:43.588Z", "language": "zh-hant", "parent": null, "numchild": 0, "creation_date": "2019-05-26T14:57:43.587Z", "depth": 1, "position": 0, "path": "0034", "placeholder": 117, "plugin_type": "TextPlugin"}}, {"pk": 113, "model": "cms.cmsplugin", "fields": {"changed_date": "2019-05-26T14:57:43.627Z", "language": "zh-hant", "parent": null, "numchild": 0, "creation_date": "2019-05-26T14:57:43.626Z", "depth": 1, "position": 0, "path": "0035", "placeholder": 57, "plugin_type": "TextPlugin"}}, {"pk": 114, "model": "cms.cmsplugin", "fields": {"changed_date": "2019-05-26T14:57:43.635Z", "language": "zh-hant", "parent": null, "numchild": 0, "creation_date": "2019-05-26T14:57:43.633Z", "depth": 1, "position": 0, "path": "0036", "placeholder": 118, "plugin_type": "TextPlugin"}}, {"pk": 115, "model": "cms.cmsplugin", "fields": {"changed_date": "2019-05-26T14:57:43.674Z", "language": "zh-hant", "parent": null, "numchild": 0, "creation_date": "2019-05-26T14:57:43.673Z", "depth": 1, "position": 0, "path": "0037", "placeholder": 58, "plugin_type": "TextPlugin"}}, {"pk": 116, "model": "cms.cmsplugin", "fields": {"changed_date": "2019-05-26T14:57:43.683Z", "language": "zh-hant", "parent": null, "numchild": 0, "creation_date": "2019-05-26T14:57:43.681Z", "depth": 1, "position": 0, "path": "0038", "placeholder": 119, "plugin_type": "TextPlugin"}}, {"pk": 117, "model": "cms.cmsplugin", "fields": {"changed_date": "2019-05-26T14:57:43.725Z", "language": "zh-hant", "parent": null, "numchild": 0, "creation_date": "2019-05-26T14:57:43.724Z", "depth": 1, "position": 0, "path": "0039", "placeholder": 59, "plugin_type": "TextPlugin"}}, {"pk": 118, "model": "cms.cmsplugin", "fields": {"changed_date": "2019-05-26T14:57:43.733Z", "language": "zh-hant", "parent": null, "numchild": 0, "creation_date": "2019-05-26T14:57:43.731Z", "depth": 1, "position": 0, "path": "003A", "placeholder": 120, "plugin_type": "TextPlugin"}}, {"pk": 119, "model": "cms.cmsplugin", "fields": {"changed_date": "2019-05-26T14:57:43.773Z", "language": "zh-hant", "parent": null, "numchild": 0, "creation_date": "2019-05-26T14:57:43.772Z", "depth": 1, "position": 0, "path": "003B", "placeholder": 60, "plugin_type": "PicturePlugin"}}, {"pk": 120, "model": "cms.cmsplugin", "fields": {"changed_date": "2019-05-26T14:57:43.776Z", "language": "zh-hant", "parent": null, "numchild": 0, "creation_date": "2019-05-26T14:57:43.775Z", "depth": 1, "position": 0, "path": "003C", "placeholder": 121, "plugin_type": "PicturePlugin"}}, {"pk": 121, "model": "cms.cmsplugin", "fields": {"changed_date": "2019-05-26T14:57:43.811Z", "language": "zh-hant", "parent": null, "numchild": 0, "creation_date": "2019-05-26T14:57:43.810Z", "depth": 1, "position": 0, "path": "003D", "placeholder": 61, "plugin_type": "TextPlugin"}}, {"pk": 122, "model": "cms.cmsplugin", "fields": {"changed_date": "2019-05-26T14:57:43.820Z", "language": "zh-hant", "parent": null, "numchild": 0, "creation_date": "2019-05-26T14:57:43.819Z", "depth": 1, "position": 0, "path": "003E", "placeholder": 122, "plugin_type": "TextPlugin"}}, {"pk": 1, "model": "cms.title", "fields": {"menu_title": null, "meta_description": null, "page_title": "Emplox a Personal Portfolio Flat Bootstrap Responsive Website Template | Home :: w3layouts", "language": "zh-hant", "title": "index", "has_url_overwrite": false, "redirect": null, "publisher_is_draft": true, "page": 1, "published": true, "path": "", "publisher_state": 1, "creation_date": "2019-05-26T14:57:39.278Z", "slug": "index", "publisher_public": 2}}, {"pk": 2, "model": "cms.title", "fields": {"menu_title": null, "meta_description": null, "page_title": "Emplox a Personal Portfolio Flat Bootstrap Responsive Website Template | Home :: w3layouts", "language": "zh-hant", "title": "index", "has_url_overwrite": false, "redirect": null, "publisher_is_draft": false, "page": 2, "published": true, "path": "", "publisher_state": 0, "creation_date": "2019-05-26T14:57:39.278Z", "slug": "index", "publisher_public": 1}}, {"pk": 1, "model": "djangocms_text_ckeditor.text", "fields": {"body": "\n            <a href=\"/\">Emplox</a>\n            "}}, {"pk": 2, "model": "djangocms_text_ckeditor.text", "fields": {"body": "\n            <a href=\"/\">Emplox</a>\n            "}}, {"pk": 5, "model": "djangocms_text_ckeditor.text", "fields": {"body": "\n          <ul>\n            <li>\n              <a href=\"#home\" class=\"scroll\">Home</a>\n            </li>\n            <li>\n              <a href=\"#about\" class=\"scroll\">About</a>\n            </li>\n            <li>\n              <a href=\"#service\" class=\"scroll\">Service</a>\n            </li>\n            <li>\n              <a href=\"#gallery\" class=\"scroll\">Gallery</a>\n            </li>\n            <li>\n              <a href=\"#blog\" class=\"scroll\">Blog</a>\n            </li>\n            <li>\n              <a href=\"#contact\" class=\"scroll\">Contact</a>\n            </li>\n          </ul>\n          "}}, {"pk": 6, "model": "djangocms_text_ckeditor.text", "fields": {"body": "\n          <ul>\n            <li>\n              <a href=\"#home\" class=\"scroll\">Home</a>\n            </li>\n            <li>\n              <a href=\"#about\" class=\"scroll\">About</a>\n            </li>\n            <li>\n              <a href=\"#service\" class=\"scroll\">Service</a>\n            </li>\n            <li>\n              <a href=\"#gallery\" class=\"scroll\">Gallery</a>\n            </li>\n            <li>\n              <a href=\"#blog\" class=\"scroll\">Blog</a>\n            </li>\n            <li>\n              <a href=\"#contact\" class=\"scroll\">Contact</a>\n            </li>\n          </ul>\n          "}}, {"pk": 7, "model": "djangocms_text_ckeditor.text", "fields": {"body": "Etiam rhoncus diam eget nibh porttitor gravida."}}, {"pk": 8, "model": "djangocms_text_ckeditor.text", "fields": {"body": "Etiam rhoncus diam eget nibh porttitor gravida."}}, {"pk": 9, "model": "djangocms_text_ckeditor.text", "fields": {"body": "\n          <p>Praesent a tortor ipsum. In ornare nibh urna, non hendrerit leo lacinia non. Proin malesuada blandit ex, \n\t\t\t\t vitae placerat purus placerat non. Pellentesque habitant morbi tristique senectus et netus et malesuada \n\t\t\t\t fames ac turpis egestas.</p>\n          "}}, {"pk": 10, "model": "djangocms_text_ckeditor.text", "fields": {"body": "\n          <p>Praesent a tortor ipsum. In ornare nibh urna, non hendrerit leo lacinia non. Proin malesuada blandit ex, \n\t\t\t\t vitae placerat purus placerat non. Pellentesque habitant morbi tristique senectus et netus et malesuada \n\t\t\t\t fames ac turpis egestas.</p>\n          "}}, {"pk": 11, "model": "djangocms_text_ckeditor.text", "fields": {"body": "\n          <a href=\"#\">Click</a>\n          "}}, {"pk": 12, "model": "djangocms_text_ckeditor.text", "fields": {"body": "\n          <a href=\"#\">Click</a>\n          "}}, {"pk": 13, "model": "djangocms_text_ckeditor.text", "fields": {"body": "Services"}}, {"pk": 14, "model": "djangocms_text_ckeditor.text", "fields": {"body": "Services"}}, {"pk": 15, "model": "djangocms_text_ckeditor.text", "fields": {"body": ""}}, {"pk": 16, "model": "djangocms_text_ckeditor.text", "fields": {"body": ""}}, {"pk": 17, "model": "djangocms_text_ckeditor.text", "fields": {"body": "\n                  <a href=\"#\">Vestibulum sagittis</a>\n                  "}}, {"pk": 18, "model": "djangocms_text_ckeditor.text", "fields": {"body": "\n                  <a href=\"#\">Vestibulum sagittis</a>\n                  "}}, {"pk": 19, "model": "djangocms_text_ckeditor.text", "fields": {"body": "\n                <p>Aliquam erat volutpat. Nam egestas dapibus pellentesque. Nunc non luctus neque, non aliquet tortor. Suspendisse in faucibus dolor, commodo malesuada ipsum. Cras vel facilisis mi. In malesuada felis eu volutpat consequat.</p>\n                "}}, {"pk": 20, "model": "djangocms_text_ckeditor.text", "fields": {"body": "\n                <p>Aliquam erat volutpat. Nam egestas dapibus pellentesque. Nunc non luctus neque, non aliquet tortor. Suspendisse in faucibus dolor, commodo malesuada ipsum. Cras vel facilisis mi. In malesuada felis eu volutpat consequat.</p>\n                "}}, {"pk": 21, "model": "djangocms_text_ckeditor.text", "fields": {"body": ""}}, {"pk": 22, "model": "djangocms_text_ckeditor.text", "fields": {"body": ""}}, {"pk": 23, "model": "djangocms_text_ckeditor.text", "fields": {"body": "\n                  <a href=\"#\">Vestibulum sagittis</a>\n                  "}}, {"pk": 24, "model": "djangocms_text_ckeditor.text", "fields": {"body": "\n                  <a href=\"#\">Vestibulum sagittis</a>\n                  "}}, {"pk": 25, "model": "djangocms_text_ckeditor.text", "fields": {"body": "\n                <p>Aliquam erat volutpat. Nam egestas dapibus pellentesque. Nunc non luctus neque, non aliquet tortor. Suspendisse in faucibus dolor, commodo malesuada ipsum. Cras vel facilisis mi. In malesuada felis eu volutpat consequat.</p>\n                "}}, {"pk": 26, "model": "djangocms_text_ckeditor.text", "fields": {"body": "\n                <p>Aliquam erat volutpat. Nam egestas dapibus pellentesque. Nunc non luctus neque, non aliquet tortor. Suspendisse in faucibus dolor, commodo malesuada ipsum. Cras vel facilisis mi. In malesuada felis eu volutpat consequat.</p>\n                "}}, {"pk": 27, "model": "djangocms_text_ckeditor.text", "fields": {"body": ""}}, {"pk": 28, "model": "djangocms_text_ckeditor.text", "fields": {"body": ""}}, {"pk": 29, "model": "djangocms_text_ckeditor.text", "fields": {"body": "\n                  <a href=\"#\">Vestibulum sagittis</a>\n                  "}}, {"pk": 30, "model": "djangocms_text_ckeditor.text", "fields": {"body": "\n                  <a href=\"#\">Vestibulum sagittis</a>\n                  "}}, {"pk": 31, "model": "djangocms_text_ckeditor.text", "fields": {"body": "\n                <p>Aliquam erat volutpat. Nam egestas dapibus pellentesque. Nunc non luctus neque, non aliquet tortor. Suspendisse in faucibus dolor, commodo malesuada ipsum. Cras vel facilisis mi. In malesuada felis eu volutpat consequat.</p>\n                "}}, {"pk": 32, "model": "djangocms_text_ckeditor.text", "fields": {"body": "\n                <p>Aliquam erat volutpat. Nam egestas dapibus pellentesque. Nunc non luctus neque, non aliquet tortor. Suspendisse in faucibus dolor, commodo malesuada ipsum. Cras vel facilisis mi. In malesuada felis eu volutpat consequat.</p>\n                "}}, {"pk": 33, "model": "djangocms_text_ckeditor.text", "fields": {"body": ""}}, {"pk": 34, "model": "djangocms_text_ckeditor.text", "fields": {"body": ""}}, {"pk": 35, "model": "djangocms_text_ckeditor.text", "fields": {"body": "\n                  <a href=\"#\">Vestibulum sagittis</a>\n                  "}}, {"pk": 36, "model": "djangocms_text_ckeditor.text", "fields": {"body": "\n                  <a href=\"#\">Vestibulum sagittis</a>\n                  "}}, {"pk": 37, "model": "djangocms_text_ckeditor.text", "fields": {"body": "\n                <p>Aliquam erat volutpat. Nam egestas dapibus pellentesque. Nunc non luctus neque, non aliquet tortor. Suspendisse in faucibus dolor, commodo malesuada ipsum. Cras vel facilisis mi. In malesuada felis eu volutpat consequat.</p>\n                "}}, {"pk": 38, "model": "djangocms_text_ckeditor.text", "fields": {"body": "\n                <p>Aliquam erat volutpat. Nam egestas dapibus pellentesque. Nunc non luctus neque, non aliquet tortor. Suspendisse in faucibus dolor, commodo malesuada ipsum. Cras vel facilisis mi. In malesuada felis eu volutpat consequat.</p>\n                "}}, {"pk": 39, "model": "djangocms_text_ckeditor.text", "fields": {"body": "About Us"}}, {"pk": 40, "model": "djangocms_text_ckeditor.text", "fields": {"body": "About Us"}}, {"pk": 41, "model": "djangocms_text_ckeditor.text", "fields": {"body": "Vivamus ac mi ut tortor elementum venenatis."}}, {"pk": 42, "model": "djangocms_text_ckeditor.text", "fields": {"body": "Vivamus ac mi ut tortor elementum venenatis."}}, {"pk": 43, "model": "djangocms_text_ckeditor.text", "fields": {"body": "\n        <p>Mauris vestibulum pulvinar urna id ultricies. Etiam volutpat interdum mi in aliquet. Pellentesque vel tincidunt sapien.\n\t\t Suspendisse potenti. Nam sed scelerisque est. Vestibulum non leo ligula. Donec aliquet viverra semper. Donec sed est ac sem suscipit vehicula.\n\t\t Mauris nec nunc enim. Etiam aliquet risus et nunc rhoncus facilisis. Maecenas nec blandit ex. Nam nec dolor in nisl elementum malesuada. \n\t\t Fusce vitae eleifend magna. Curabitur tincidunt tincidunt vulputate.Etiam mollis nibh risus, a faucibus arcu ultricies eu. Morbi \n\t\t consectetur, metus vel efficitur luctus, nisi nulla vestibulum arcu, at rhoncus ligula ligula non nisl. Cras porttitor vestibulum nulla.</p>\n        "}}, {"pk": 44, "model": "djangocms_text_ckeditor.text", "fields": {"body": "\n        <p>Mauris vestibulum pulvinar urna id ultricies. Etiam volutpat interdum mi in aliquet. Pellentesque vel tincidunt sapien.\n\t\t Suspendisse potenti. Nam sed scelerisque est. Vestibulum non leo ligula. Donec aliquet viverra semper. Donec sed est ac sem suscipit vehicula.\n\t\t Mauris nec nunc enim. Etiam aliquet risus et nunc rhoncus facilisis. Maecenas nec blandit ex. Nam nec dolor in nisl elementum malesuada. \n\t\t Fusce vitae eleifend magna. Curabitur tincidunt tincidunt vulputate.Etiam mollis nibh risus, a faucibus arcu ultricies eu. Morbi \n\t\t consectetur, metus vel efficitur luctus, nisi nulla vestibulum arcu, at rhoncus ligula ligula non nisl. Cras porttitor vestibulum nulla.</p>\n        "}}, {"pk": 45, "model": "djangocms_text_ckeditor.text", "fields": {"body": "Gallery"}}, {"pk": 46, "model": "djangocms_text_ckeditor.text", "fields": {"body": "Gallery"}}, {"pk": 47, "model": "djangocms_text_ckeditor.text", "fields": {"body": "\n            <a href=\"/static/images/img15.jpg\" class=\"b-link-stripe b-animate-go\">\n              <img class=\"img-responsive\" alt=\"\" src=\"/static/images/img15.jpg\">\n              <div class=\"b-wrapper\">\n                <span class=\"b-animate b-from-left b-delay03\">\n                  <img class=\"img-responsive\" alt=\"\" src=\"/static/images/e.png\">\n                </span>\n              </div>\n            </a>\n            "}}, {"pk": 48, "model": "djangocms_text_ckeditor.text", "fields": {"body": "\n            <a href=\"/static/images/img15.jpg\" class=\"b-link-stripe b-animate-go\">\n              <img class=\"img-responsive\" alt=\"\" src=\"/static/images/img15.jpg\">\n              <div class=\"b-wrapper\">\n                <span class=\"b-animate b-from-left b-delay03\">\n                  <img class=\"img-responsive\" alt=\"\" src=\"/static/images/e.png\">\n                </span>\n              </div>\n            </a>\n            "}}, {"pk": 49, "model": "djangocms_text_ckeditor.text", "fields": {"body": "\n            <a href=\"/static/images/img10.jpg\" class=\"b-link-stripe b-animate-go\">\n              <img class=\"img-responsive\" alt=\"\" src=\"/static/images/img10.jpg\">\n              <div class=\"b-wrapper\">\n                <span class=\"b-animate b-from-left b-delay03\">\n                  <img class=\"img-responsive\" alt=\"\" src=\"/static/images/e.png\">\n                </span>\n              </div>\n            </a>\n            "}}, {"pk": 50, "model": "djangocms_text_ckeditor.text", "fields": {"body": "\n            <a href=\"/static/images/img10.jpg\" class=\"b-link-stripe b-animate-go\">\n              <img class=\"img-responsive\" alt=\"\" src=\"/static/images/img10.jpg\">\n              <div class=\"b-wrapper\">\n                <span class=\"b-animate b-from-left b-delay03\">\n                  <img class=\"img-responsive\" alt=\"\" src=\"/static/images/e.png\">\n                </span>\n              </div>\n            </a>\n            "}}, {"pk": 51, "model": "djangocms_text_ckeditor.text", "fields": {"body": "\n            <a href=\"/static/images/img11.jpg\" class=\"b-link-stripe b-animate-go\">\n              <img class=\"img-responsive\" alt=\"\" src=\"/static/images/img11.jpg\">\n              <div class=\"b-wrapper\">\n                <span class=\"b-animate b-from-left b-delay03\">\n                  <img class=\"img-responsive\" alt=\"\" src=\"/static/images/e.png\">\n                </span>\n              </div>\n            </a>\n            "}}, {"pk": 52, "model": "djangocms_text_ckeditor.text", "fields": {"body": "\n            <a href=\"/static/images/img11.jpg\" class=\"b-link-stripe b-animate-go\">\n              <img class=\"img-responsive\" alt=\"\" src=\"/static/images/img11.jpg\">\n              <div class=\"b-wrapper\">\n                <span class=\"b-animate b-from-left b-delay03\">\n                  <img class=\"img-responsive\" alt=\"\" src=\"/static/images/e.png\">\n                </span>\n              </div>\n            </a>\n            "}}, {"pk": 53, "model": "djangocms_text_ckeditor.text", "fields": {"body": "\n            <a href=\"/static/images/img12.jpg\" class=\"b-link-stripe b-animate-go\">\n              <img class=\"img-responsive\" alt=\"\" src=\"/static/images/img12.jpg\">\n              <div class=\"b-wrapper\">\n                <span class=\"b-animate b-from-left b-delay03\">\n                  <img class=\"img-responsive\" alt=\"\" src=\"/static/images/e.png\">\n                </span>\n              </div>\n            </a>\n            "}}, {"pk": 54, "model": "djangocms_text_ckeditor.text", "fields": {"body": "\n            <a href=\"/static/images/img12.jpg\" class=\"b-link-stripe b-animate-go\">\n              <img class=\"img-responsive\" alt=\"\" src=\"/static/images/img12.jpg\">\n              <div class=\"b-wrapper\">\n                <span class=\"b-animate b-from-left b-delay03\">\n                  <img class=\"img-responsive\" alt=\"\" src=\"/static/images/e.png\">\n                </span>\n              </div>\n            </a>\n            "}}, {"pk": 55, "model": "djangocms_text_ckeditor.text", "fields": {"body": "\n            <a href=\"/static/images/img13.jpg\" class=\"b-link-stripe b-animate-go\">\n              <img class=\"img-responsive\" alt=\"\" src=\"/static/images/img13.jpg\">\n              <div class=\"b-wrapper\">\n                <span class=\"b-animate b-from-left b-delay03\">\n                  <img class=\"img-responsive\" alt=\"\" src=\"/static/images/e.png\">\n                </span>\n              </div>\n            </a>\n            "}}, {"pk": 56, "model": "djangocms_text_ckeditor.text", "fields": {"body": "\n            <a href=\"/static/images/img13.jpg\" class=\"b-link-stripe b-animate-go\">\n              <img class=\"img-responsive\" alt=\"\" src=\"/static/images/img13.jpg\">\n              <div class=\"b-wrapper\">\n                <span class=\"b-animate b-from-left b-delay03\">\n                  <img class=\"img-responsive\" alt=\"\" src=\"/static/images/e.png\">\n                </span>\n              </div>\n            </a>\n            "}}, {"pk": 57, "model": "djangocms_text_ckeditor.text", "fields": {"body": "\n            <a href=\"/static/images/img14.jpg\" class=\"b-link-stripe b-animate-go\">\n              <img class=\"img-responsive\" alt=\"\" src=\"/static/images/img14.jpg\">\n              <div class=\"b-wrapper\">\n                <span class=\"b-animate b-from-left b-delay03\">\n                  <img class=\"img-responsive\" alt=\"\" src=\"/static/images/e.png\">\n                </span>\n              </div>\n            </a>\n            "}}, {"pk": 58, "model": "djangocms_text_ckeditor.text", "fields": {"body": "\n            <a href=\"/static/images/img14.jpg\" class=\"b-link-stripe b-animate-go\">\n              <img class=\"img-responsive\" alt=\"\" src=\"/static/images/img14.jpg\">\n              <div class=\"b-wrapper\">\n                <span class=\"b-animate b-from-left b-delay03\">\n                  <img class=\"img-responsive\" alt=\"\" src=\"/static/images/e.png\">\n                </span>\n              </div>\n            </a>\n            "}}, {"pk": 59, "model": "djangocms_text_ckeditor.text", "fields": {"body": "\n            <a href=\"/static/images/img9.jpg\" class=\"b-link-stripe b-animate-go\">\n              <img class=\"img-responsive\" alt=\"\" src=\"/static/images/img9.jpg\">\n              <div class=\"b-wrapper\">\n                <span class=\"b-animate b-from-left b-delay03\">\n                  <img class=\"img-responsive\" alt=\"\" src=\"/static/images/e.png\">\n                </span>\n              </div>\n            </a>\n            "}}, {"pk": 60, "model": "djangocms_text_ckeditor.text", "fields": {"body": "\n            <a href=\"/static/images/img9.jpg\" class=\"b-link-stripe b-animate-go\">\n              <img class=\"img-responsive\" alt=\"\" src=\"/static/images/img9.jpg\">\n              <div class=\"b-wrapper\">\n                <span class=\"b-animate b-from-left b-delay03\">\n                  <img class=\"img-responsive\" alt=\"\" src=\"/static/images/e.png\">\n                </span>\n              </div>\n            </a>\n            "}}, {"pk": 61, "model": "djangocms_text_ckeditor.text", "fields": {"body": "\n            <a href=\"/static/images/img16.jpg\" class=\"b-link-stripe b-animate-go\">\n              <img class=\"img-responsive\" alt=\"\" src=\"/static/images/img16.jpg\">\n              <div class=\"b-wrapper\">\n                <span class=\"b-animate b-from-left b-delay03\">\n                  <img class=\"img-responsive\" alt=\"\" src=\"/static/images/e.png\">\n                </span>\n              </div>\n            </a>\n            "}}, {"pk": 62, "model": "djangocms_text_ckeditor.text", "fields": {"body": "\n            <a href=\"/static/images/img16.jpg\" class=\"b-link-stripe b-animate-go\">\n              <img class=\"img-responsive\" alt=\"\" src=\"/static/images/img16.jpg\">\n              <div class=\"b-wrapper\">\n                <span class=\"b-animate b-from-left b-delay03\">\n                  <img class=\"img-responsive\" alt=\"\" src=\"/static/images/e.png\">\n                </span>\n              </div>\n            </a>\n            "}}, {"pk": 63, "model": "djangocms_text_ckeditor.text", "fields": {"body": "\n            <a href=\"/static/images/img17.jpg\" class=\"b-link-stripe b-animate-go\">\n              <img class=\"img-responsive\" alt=\"\" src=\"/static/images/img17.jpg\">\n              <div class=\"b-wrapper\">\n                <span class=\"b-animate b-from-left b-delay03\">\n                  <img class=\"img-responsive\" alt=\"\" src=\"/static/images/e.png\">\n                </span>\n              </div>\n            </a>\n            "}}, {"pk": 64, "model": "djangocms_text_ckeditor.text", "fields": {"body": "\n            <a href=\"/static/images/img17.jpg\" class=\"b-link-stripe b-animate-go\">\n              <img class=\"img-responsive\" alt=\"\" src=\"/static/images/img17.jpg\">\n              <div class=\"b-wrapper\">\n                <span class=\"b-animate b-from-left b-delay03\">\n                  <img class=\"img-responsive\" alt=\"\" src=\"/static/images/e.png\">\n                </span>\n              </div>\n            </a>\n            "}}, {"pk": 65, "model": "djangocms_text_ckeditor.text", "fields": {"body": "Blog"}}, {"pk": 66, "model": "djangocms_text_ckeditor.text", "fields": {"body": "Blog"}}, {"pk": 69, "model": "djangocms_text_ckeditor.text", "fields": {"body": "\n              <a href=\"#\">Etiam luctus velit ac cursus lobortis.</a>\n              "}}, {"pk": 70, "model": "djangocms_text_ckeditor.text", "fields": {"body": "\n              <a href=\"#\">Etiam luctus velit ac cursus lobortis.</a>\n              "}}, {"pk": 71, "model": "djangocms_text_ckeditor.text", "fields": {"body": "Mar 12 | 2015"}}, {"pk": 72, "model": "djangocms_text_ckeditor.text", "fields": {"body": "Mar 12 | 2015"}}, {"pk": 73, "model": "djangocms_text_ckeditor.text", "fields": {"body": "\n            <p>Aenean eget eleifend nulla. Nunc vel nisi mi. Ut faucibus ornare tempus. Donec non mi et sem convallis tincidunt ac in purus. Nullam tincidunt orci elit, vitae vulputate sapien ullamcorper et. Sed ut est purus. Duis consectetur suscipit ullamcorper. Nam dictum nisl odio, eget maximus ante interdum iaculis urna sapien.</p>\n            "}}, {"pk": 74, "model": "djangocms_text_ckeditor.text", "fields": {"body": "\n            <p>Aenean eget eleifend nulla. Nunc vel nisi mi. Ut faucibus ornare tempus. Donec non mi et sem convallis tincidunt ac in purus. Nullam tincidunt orci elit, vitae vulputate sapien ullamcorper et. Sed ut est purus. Duis consectetur suscipit ullamcorper. Nam dictum nisl odio, eget maximus ante interdum iaculis urna sapien.</p>\n            "}}, {"pk": 77, "model": "djangocms_text_ckeditor.text", "fields": {"body": "\n              <a href=\"#\">Etiam luctus velit ac cursus lobortis.</a>\n              "}}, {"pk": 78, "model": "djangocms_text_ckeditor.text", "fields": {"body": "\n              <a href=\"#\">Etiam luctus velit ac cursus lobortis.</a>\n              "}}, {"pk": 79, "model": "djangocms_text_ckeditor.text", "fields": {"body": "Mar 12 | 2015"}}, {"pk": 80, "model": "djangocms_text_ckeditor.text", "fields": {"body": "Mar 12 | 2015"}}, {"pk": 81, "model": "djangocms_text_ckeditor.text", "fields": {"body": "\n            <p>Aenean eget eleifend nulla. Nunc vel nisi mi. Ut faucibus ornare tempus. Donec non mi et sem convallis tincidunt ac in purus. Nullam tincidunt orci elit, vitae vulputate sapien ullamcorper et. Sed ut est purus. Duis consectetur suscipit ullamcorper. Nam dictum nisl odio, eget maximus ante interdum iaculis urna sapien.</p>\n            "}}, {"pk": 82, "model": "djangocms_text_ckeditor.text", "fields": {"body": "\n            <p>Aenean eget eleifend nulla. Nunc vel nisi mi. Ut faucibus ornare tempus. Donec non mi et sem convallis tincidunt ac in purus. Nullam tincidunt orci elit, vitae vulputate sapien ullamcorper et. Sed ut est purus. Duis consectetur suscipit ullamcorper. Nam dictum nisl odio, eget maximus ante interdum iaculis urna sapien.</p>\n            "}}, {"pk": 85, "model": "djangocms_text_ckeditor.text", "fields": {"body": "\n              <a href=\"#\">Etiam luctus velit ac cursus lobortis.</a>\n              "}}, {"pk": 86, "model": "djangocms_text_ckeditor.text", "fields": {"body": "\n              <a href=\"#\">Etiam luctus velit ac cursus lobortis.</a>\n              "}}, {"pk": 87, "model": "djangocms_text_ckeditor.text", "fields": {"body": "Mar 12 | 2015"}}, {"pk": 88, "model": "djangocms_text_ckeditor.text", "fields": {"body": "Mar 12 | 2015"}}, {"pk": 89, "model": "djangocms_text_ckeditor.text", "fields": {"body": "\n            <p>Aenean eget eleifend nulla. Nunc vel nisi mi. Ut faucibus ornare tempus. Donec non mi et sem convallis tincidunt ac in purus. Nullam tincidunt orci elit, vitae vulputate sapien ullamcorper et. Sed ut est purus. Duis consectetur suscipit ullamcorper. Nam dictum nisl odio, eget maximus ante interdum iaculis urna sapien.</p>\n            "}}, {"pk": 90, "model": "djangocms_text_ckeditor.text", "fields": {"body": "\n            <p>Aenean eget eleifend nulla. Nunc vel nisi mi. Ut faucibus ornare tempus. Donec non mi et sem convallis tincidunt ac in purus. Nullam tincidunt orci elit, vitae vulputate sapien ullamcorper et. Sed ut est purus. Duis consectetur suscipit ullamcorper. Nam dictum nisl odio, eget maximus ante interdum iaculis urna sapien.</p>\n            "}}, {"pk": 91, "model": "djangocms_text_ckeditor.text", "fields": {"body": "Contact"}}, {"pk": 92, "model": "djangocms_text_ckeditor.text", "fields": {"body": "Contact"}}, {"pk": 93, "model": "djangocms_text_ckeditor.text", "fields": {"body": "\n            <form>\n              <input type=\"text\" value=\"Name\">\n              <input type=\"text\" value=\"Email\">\n              <textarea></textarea>\n              <input type=\"submit\" value=\"SUBMIT\">\n            </form>\n            "}}, {"pk": 94, "model": "djangocms_text_ckeditor.text", "fields": {"body": "\n            <form>\n              <input type=\"text\" value=\"Name\">\n              <input type=\"text\" value=\"Email\">\n              <textarea></textarea>\n              <input type=\"submit\" value=\"SUBMIT\">\n            </form>\n            "}}, {"pk": 95, "model": "djangocms_text_ckeditor.text", "fields": {"body": " "}}, {"pk": 96, "model": "djangocms_text_ckeditor.text", "fields": {"body": " "}}, {"pk": 97, "model": "djangocms_text_ckeditor.text", "fields": {"body": "123 MAIN STREET,\n                <label>CITY, COUNTRY</label>\n                "}}, {"pk": 98, "model": "djangocms_text_ckeditor.text", "fields": {"body": "123 MAIN STREET,\n                <label>CITY, COUNTRY</label>\n                "}}, {"pk": 99, "model": "djangocms_text_ckeditor.text", "fields": {"body": " "}}, {"pk": 100, "model": "djangocms_text_ckeditor.text", "fields": {"body": " "}}, {"pk": 101, "model": "djangocms_text_ckeditor.text", "fields": {"body": "\n              <p>\n                <a href=\"mailto:example@email.com\">EMAIL@DOMAIN.COM</a>\n              </p>\n              "}}, {"pk": 102, "model": "djangocms_text_ckeditor.text", "fields": {"body": "\n              <p>\n                <a href=\"mailto:example@email.com\">EMAIL@DOMAIN.COM</a>\n              </p>\n              "}}, {"pk": 103, "model": "djangocms_text_ckeditor.text", "fields": {"body": " "}}, {"pk": 104, "model": "djangocms_text_ckeditor.text", "fields": {"body": " "}}, {"pk": 105, "model": "djangocms_text_ckeditor.text", "fields": {"body": "\n              <p>+0123 456 789</p>\n              "}}, {"pk": 106, "model": "djangocms_text_ckeditor.text", "fields": {"body": "\n              <p>+0123 456 789</p>\n              "}}, {"pk": 107, "model": "djangocms_text_ckeditor.text", "fields": {"body": "\n        <p>\n          Copyrights \u00c2\u00a9 2015 Emplox. All rights reserved | Template by\n          <a href=\"http://w3layouts.com/\">W3layouts</a>\n        </p>\n        "}}, {"pk": 108, "model": "djangocms_text_ckeditor.text", "fields": {"body": "\n        <p>\n          Copyrights \u00c2\u00a9 2015 Emplox. All rights reserved | Template by\n          <a href=\"http://w3layouts.com/\">W3layouts</a>\n        </p>\n        "}}, {"pk": 109, "model": "djangocms_text_ckeditor.text", "fields": {"body": "\n          <a href=\"#\">\n            <i class=\"facebook\"></i>\n          </a>\n          "}}, {"pk": 110, "model": "djangocms_text_ckeditor.text", "fields": {"body": "\n          <a href=\"#\">\n            <i class=\"facebook\"></i>\n          </a>\n          "}}, {"pk": 111, "model": "djangocms_text_ckeditor.text", "fields": {"body": "\n          <a href=\"#\">\n            <i class=\"twitter\"></i>\n          </a>\n          "}}, {"pk": 112, "model": "djangocms_text_ckeditor.text", "fields": {"body": "\n          <a href=\"#\">\n            <i class=\"twitter\"></i>\n          </a>\n          "}}, {"pk": 113, "model": "djangocms_text_ckeditor.text", "fields": {"body": "\n          <a href=\"#\">\n            <i class=\"dribble\"></i>\n          </a>\n          "}}, {"pk": 114, "model": "djangocms_text_ckeditor.text", "fields": {"body": "\n          <a href=\"#\">\n            <i class=\"dribble\"></i>\n          </a>\n          "}}, {"pk": 115, "model": "djangocms_text_ckeditor.text", "fields": {"body": "\n          <a href=\"#\">\n            <i class=\"google\"></i>\n          </a>\n          "}}, {"pk": 116, "model": "djangocms_text_ckeditor.text", "fields": {"body": "\n          <a href=\"#\">\n            <i class=\"google\"></i>\n          </a>\n          "}}, {"pk": 117, "model": "djangocms_text_ckeditor.text", "fields": {"body": "\n          <a href=\"#\">\n            <i class=\"youtube\"></i>\n          </a>\n          "}}, {"pk": 118, "model": "djangocms_text_ckeditor.text", "fields": {"body": "\n          <a href=\"#\">\n            <i class=\"youtube\"></i>\n          </a>\n          "}}, {"pk": 121, "model": "djangocms_text_ckeditor.text", "fields": {"body": "\n    <a href=\"#to-top\" id=\"toTop\" style=\"display: block;\">\n      <span id=\"toTopHover\" style=\"opacity: 1;\"> </span>\n    </a>\n    "}}, {"pk": 122, "model": "djangocms_text_ckeditor.text", "fields": {"body": "\n    <a href=\"#to-top\" id=\"toTop\" style=\"display: block;\">\n      <span id=\"toTopHover\" style=\"opacity: 1;\"> </span>\n    </a>\n    "}}, {"pk": 3, "model": "djangocms_picture.picture", "fields": {"picture": null, "link_page": null, "link_attributes": {}, "use_automatic_scaling": true, "use_crop": false, "link_url": "", "caption_text": "", "height": null, "width": null, "thumbnail_options": null, "external_picture": "/static/images/nav-icon.png", "template": "default", "use_no_cropping": false, "attributes": {"alt": ""}, "link_target": "", "use_upscale": false, "alignment": ""}}, {"pk": 4, "model": "djangocms_picture.picture", "fields": {"picture": null, "link_page": null, "link_attributes": {}, "use_automatic_scaling": true, "use_crop": false, "link_url": "", "caption_text": "", "height": null, "width": null, "thumbnail_options": null, "external_picture": "/static/images/nav-icon.png", "template": "default", "use_no_cropping": false, "attributes": {"alt": ""}, "link_target": "", "use_upscale": false, "alignment": ""}}, {"pk": 67, "model": "djangocms_picture.picture", "fields": {"picture": null, "link_page": null, "link_attributes": {}, "use_automatic_scaling": true, "use_crop": false, "link_url": "#", "caption_text": "", "height": null, "width": null, "thumbnail_options": null, "external_picture": "/static/images/b1.jpg", "template": "default", "use_no_cropping": false, "attributes": {"alt": "", "class": "img-responsive"}, "link_target": "", "use_upscale": false, "alignment": ""}}, {"pk": 68, "model": "djangocms_picture.picture", "fields": {"picture": null, "link_page": null, "link_attributes": {}, "use_automatic_scaling": true, "use_crop": false, "link_url": "#", "caption_text": "", "height": null, "width": null, "thumbnail_options": null, "external_picture": "/static/images/b1.jpg", "template": "default", "use_no_cropping": false, "attributes": {"alt": "", "class": "img-responsive"}, "link_target": "", "use_upscale": false, "alignment": ""}}, {"pk": 75, "model": "djangocms_picture.picture", "fields": {"picture": null, "link_page": null, "link_attributes": {}, "use_automatic_scaling": true, "use_crop": false, "link_url": "#", "caption_text": "", "height": null, "width": null, "thumbnail_options": null, "external_picture": "/static/images/b2.jpg", "template": "default", "use_no_cropping": false, "attributes": {"alt": "", "class": "img-responsive"}, "link_target": "", "use_upscale": false, "alignment": ""}}, {"pk": 76, "model": "djangocms_picture.picture", "fields": {"picture": null, "link_page": null, "link_attributes": {}, "use_automatic_scaling": true, "use_crop": false, "link_url": "#", "caption_text": "", "height": null, "width": null, "thumbnail_options": null, "external_picture": "/static/images/b2.jpg", "template": "default", "use_no_cropping": false, "attributes": {"alt": "", "class": "img-responsive"}, "link_target": "", "use_upscale": false, "alignment": ""}}, {"pk": 83, "model": "djangocms_picture.picture", "fields": {"picture": null, "link_page": null, "link_attributes": {}, "use_automatic_scaling": true, "use_crop": false, "link_url": "#", "caption_text": "", "height": null, "width": null, "thumbnail_options": null, "external_picture": "/static/images/b3.jpg", "template": "default", "use_no_cropping": false, "attributes": {"alt": "", "class": "img-responsive"}, "link_target": "", "use_upscale": false, "alignment": ""}}, {"pk": 84, "model": "djangocms_picture.picture", "fields": {"picture": null, "link_page": null, "link_attributes": {}, "use_automatic_scaling": true, "use_crop": false, "link_url": "#", "caption_text": "", "height": null, "width": null, "thumbnail_options": null, "external_picture": "/static/images/b3.jpg", "template": "default", "use_no_cropping": false, "attributes": {"alt": "", "class": "img-responsive"}, "link_target": "", "use_upscale": false, "alignment": ""}}, {"pk": 119, "model": "djangocms_picture.picture", "fields": {"picture": null, "link_page": null, "link_attributes": {"class": "scroll"}, "use_automatic_scaling": true, "use_crop": false, "link_url": "#home", "caption_text": "", "height": null, "width": null, "thumbnail_options": null, "external_picture": "/static/images/top.png", "template": "default", "use_no_cropping": false, "attributes": {"alt": ""}, "link_target": "", "use_upscale": false, "alignment": ""}}, {"pk": 120, "model": "djangocms_picture.picture", "fields": {"picture": null, "link_page": null, "link_attributes": {"class": "scroll"}, "use_automatic_scaling": true, "use_crop": false, "link_url": "#home", "caption_text": "", "height": null, "width": null, "thumbnail_options": null, "external_picture": "/static/images/top.png", "template": "default", "use_no_cropping": false, "attributes": {"alt": ""}, "link_target": "", "use_upscale": false, "alignment": ""}}]